id,first_name,last_name,email,gender,ip_address
1,Zaneta,Allman,zallman0@chicagotribune.com,Female,250.171.51.152
2,Giulietta,Drabble,gdrabble1@so-net.ne.jp,Female,163.135.128.79
3,Rich,Armitt,rarmitt2@simplemachines.org,Male,196.151.93.16
4,Alvis,Way,away3@histats.com,Male,23.237.34.62
5,Gertrudis,Penley,gpenley4@discuz.net,Female,147.161.230.157
6,Angy,Benbow,abenbow5@scientificamerican.com,Female,210.28.121.145
7,Ianthe,Sporle,isporle6@discuz.net,Female,133.17.232.83
8,Arlen,Gillani,agillani7@nature.com,Female,96.254.32.13
9,Dari,Pinder,dpinder8@salon.com,Female,63.198.137.71
10,Morgan,Okill,mokill9@oracle.com,Female,233.199.99.144
11,Kimbell,Futty,kfuttya@blogger.com,Male,99.37.115.53
12,Selinda,Purslow,spurslowb@opensource.org,Female,66.220.254.17
13,Byran,Brager,bbragerc@cdbaby.com,Male,45.222.183.127
14,Kirby,Dumbellow,kdumbellowd@addthis.com,Female,193.65.111.20
15,Gardiner,Nickoles,gnickolese@msn.com,Male,13.17.33.118
16,Lucio,Heak,lheakf@chicagotribune.com,Agender,182.36.242.12
17,Sylvia,Keywood,skeywoodg@yellowpages.com,Female,202.46.2.93
18,Jordanna,McCoveney,jmccoveneyh@t.co,Female,61.39.61.91
19,Damon,Dearnly,ddearnlyi@google.co.jp,Male,135.15.243.46
20,Aubrey,Keyse,akeysej@sciencedaily.com,Male,243.100.244.184
21,Hanan,Arney,harneyk@usnews.com,Male,71.135.85.54
22,Obie,Vasyutkin,ovasyutkinl@vkontakte.ru,Male,61.173.55.108
23,Isidoro,Kynforth,ikynforthm@ox.ac.uk,Male,251.250.53.141
24,Morgen,Beebe,mbeeben@lulu.com,Female,185.131.181.12
25,Nariko,Knappe,nknappeo@skyrock.com,Female,117.143.65.167
26,Skye,Brymner,sbrymnerp@yale.edu,Male,124.152.242.180
27,Barnett,Prescott,bprescottq@paypal.com,Male,50.85.246.122
28,Morton,Ladell,mladellr@state.gov,Male,161.151.28.27
29,Hadrian,Daddow,hdaddows@shop-pro.jp,Male,52.128.33.174
30,Janifer,Nestle,jnestlet@studiopress.com,Female,83.177.199.131
31,Jeanelle,Wyburn,jwyburnu@marketwatch.com,Female,205.147.13.111
32,Daffi,MacGarvey,dmacgarveyv@dyndns.org,Female,241.254.23.76
33,Winfield,Valler,wvallerw@blogs.com,Male,154.15.152.235
34,Waldemar,Guerola,wguerolax@google.com.br,Male,89.31.202.123
35,Ezri,Chesher,echeshery@naver.com,Male,78.115.20.240
36,Avram,McCulley,amcculleyz@npr.org,Male,76.223.206.56
37,Darci,Crowe,dcrowe10@behance.net,Female,63.99.175.12
38,Latia,Ellerman,lellerman11@storify.com,Female,34.165.31.13
39,Tabbie,McCollum,tmccollum12@istockphoto.com,Female,253.149.93.194
40,Germain,Crumly,gcrumly13@a8.net,Female,69.103.42.28
41,Hamlen,Shepard,hshepard14@cdc.gov,Male,39.205.163.49
42,Spence,Barkley,sbarkley15@cpanel.net,Male,82.221.138.14
43,Jermaine,Tace,jtace16@scribd.com,Male,48.245.190.58
44,Duff,Millions,dmillions17@delicious.com,Polygender,71.164.0.46
45,Aggi,Laurenty,alaurenty18@blogger.com,Female,84.117.46.167
46,Zsa zsa,Baptiste,zbaptiste19@princeton.edu,Female,164.0.210.177
47,Ross,Firebrace,rfirebrace1a@jalbum.net,Polygender,190.160.111.249
48,Madeleine,Thurley,mthurley1b@wsj.com,Female,27.252.88.137
49,Giavani,Kinsella,gkinsella1c@nifty.com,Male,250.32.213.100
50,Gracia,Tanti,gtanti1d@newsvine.com,Female,184.185.55.46
51,Kellyann,Troke,ktroke1e@marketwatch.com,Female,167.48.144.119
52,Jacquette,Sollom,jsollom1f@sun.com,Female,65.226.16.144
53,Devy,Schrei,dschrei1g@linkedin.com,Male,233.39.235.127
54,Del,Alder,dalder1h@bloomberg.com,Male,233.105.193.74
55,Jeffy,Muckley,jmuckley1i@google.co.jp,Male,181.175.64.62
56,Clarine,Sunley,csunley1j@ebay.co.uk,Female,51.205.156.14
57,Abbye,Nutkins,anutkins1k@army.mil,Female,241.249.110.219
58,Mel,Gitthouse,mgitthouse1l@mashable.com,Male,220.214.154.186
59,Keefer,Lodovichi,klodovichi1m@tinypic.com,Male,12.62.188.33
60,Virge,Ricciardello,vricciardello1n@earthlink.net,Male,87.82.165.154
61,Josias,Rosenauer,jrosenauer1o@artisteer.com,Male,250.66.183.108
62,Vally,Burmaster,vburmaster1p@tiny.cc,Female,157.79.138.0
63,Olly,Stanlick,ostanlick1q@angelfire.com,Male,203.52.181.45
64,Duff,Plumbe,dplumbe1r@dailymotion.com,Male,213.47.210.167
65,Garland,Skep,gskep1s@exblog.jp,Female,241.165.233.159
66,Merrie,Cunde,mcunde1t@github.io,Female,232.4.127.161
67,Herbert,Gormley,hgormley1u@smugmug.com,Male,134.69.83.188
68,Sigvard,Getty,sgetty1v@istockphoto.com,Male,21.218.77.215
69,Lotty,Cully,lcully1w@salon.com,Female,92.165.174.95
70,Lacey,Klicher,lklicher1x@privacy.gov.au,Genderfluid,170.138.188.89
71,Aloysius,Ivanonko,aivanonko1y@hexun.com,Male,17.197.89.194
72,Cortie,Jouhning,cjouhning1z@apple.com,Male,137.144.56.149
73,Tobe,Adamsson,tadamsson20@mysql.com,Male,175.29.153.161
74,Kearney,Ludford,kludford21@ameblo.jp,Male,116.118.225.106
75,Rebbecca,Cubbon,rcubbon22@walmart.com,Female,106.53.134.249
76,Immanuel,Bennison,ibennison23@forbes.com,Genderfluid,239.242.66.220
77,Marcellus,Hawes,mhawes24@bravesites.com,Male,87.29.82.9
78,Lira,Barsam,lbarsam25@state.tx.us,Female,196.64.87.197
79,Dunc,Yaxley,dyaxley26@blogtalkradio.com,Male,80.134.191.177
80,Drusi,Killick,dkillick27@deviantart.com,Female,238.31.235.95
81,Nikolos,Sherborn,nsherborn28@gizmodo.com,Polygender,72.242.68.12
82,Adrienne,Buggy,abuggy29@wikispaces.com,Female,190.78.76.75
83,Cassey,Altoft,caltoft2a@stumbleupon.com,Genderqueer,187.120.43.59
84,Silvain,Thairs,sthairs2b@parallels.com,Male,216.212.41.103
85,Rob,Farfull,rfarfull2c@thetimes.co.uk,Male,208.21.120.169
86,Humfried,Hankins,hhankins2d@dedecms.com,Male,10.222.179.171
87,Roland,Cristofaro,rcristofaro2e@privacy.gov.au,Male,119.15.38.63
88,Wadsworth,Gulvin,wgulvin2f@squidoo.com,Polygender,178.248.149.61
89,Edmund,Ginsie,eginsie2g@ask.com,Male,156.197.11.72
90,Erv,Plenderleith,eplenderleith2h@google.es,Polygender,227.73.220.61
91,Aundrea,Parren,aparren2i@taobao.com,Female,16.157.148.80
92,Vallie,Dunbavin,vdunbavin2j@blog.com,Female,234.170.131.134
93,Griswold,Cornilli,gcornilli2k@studiopress.com,Male,195.152.216.173
94,Chick,Macbeth,cmacbeth2l@wiley.com,Male,131.3.170.0
95,Arlee,Harberer,aharberer2m@toplist.cz,Female,120.182.13.132
96,Nickolaus,Rodenburg,nrodenburg2n@thetimes.co.uk,Male,210.209.169.200
97,Francois,Bampkin,fbampkin2o@exblog.jp,Male,16.85.230.87
98,Alene,Wanka,awanka2p@tamu.edu,Genderqueer,126.88.230.82
99,Matty,Moulster,mmoulster2q@list-manage.com,Polygender,207.167.248.165
100,Olenka,Chittock,ochittock2r@marketwatch.com,Female,233.214.170.39
